question;answer;prompt;token_answer;tokens_prompt;time_taken
"Quelles sont les conditions requises pour bénéficier du supplément de loyer de solidarité en tant que locataire dans un logement social en Île-de-France ?";"Le locataire d'un logement social en Île-de-France peut bénéficier du supplément de loyer de solidarité (SLS) sous certaines conditions. Pour être éligible à cette aide, le revenu du locataire ne doit pas dépasser un certain plafond. Si les revenus du locataire dépassent ce seuil, un surloyer peut être réclamé. Toutefois, si les revenus sont encore plus élevés, le locataire peut perdre le droit de rester dans le logement social.

Il est important de souligner que les montants et les critères de revenu pour le SLS peuvent varier selon les différentes zones géographiques. Par conséquent, il convient de se référer aux dispositifs spécifiques de la région Île-de-France pour obtenir des informations précises sur les conditions requises pour bénéficier du supplément de loyer de solidarité.

Si vous souhaitez obtenir davantage d'informations et connaître les démarches à suivre pour bénéficier du SLS dans un logement social en Île-de-France, nous vous recommandons de contacter les organismes compétents tels que la mairie de votre commune, les services sociaux locaux ou les bailleurs sociaux de la région. Ils pourront vous fournir les détails nécessaires et vous accompagner dans vos démarches.";"Voici plusieurs références sur un même thème :

>>REFERENCES<<
référence 0 : Elle peut être dénoncée devant le juge des contentieux de la protection du tribunal dont dépend le logement. Tribunal judiciaire Ministère chargé de la justice À savoir si le locataire paie à plusieurs reprises son loyer en retard, le bailleur est en droit de ne pas renouveler le bail pour motif légitime et sérieux . Difficultés de paiement Si le locataire a des difficultés pour payer le loyer (mais sans impayés), il doit essayer de trouver une solution à l'amiable avec le propriétaire . En cas de difficultés persistantes, des aides sociales peuvent être accordées au locataire. Par ailleurs, l'aide au logement peut être maintenue pour alléger une dette de loyer et éviter ainsi l'expulsion. Si ces difficultés s'ajoutent à une autre dette impayée (par exemple : crédit ou facture impayés), le locataire peut déposer un dossier de surendettement . Rappel ne pas payer le loyer et les charges est un motif de résiliation du bail par le propriétaire et d'expulsion du locataire . Payer en partie peut avoir les mêmes conséquences, sauf si le locataire n'est pas en cause (exemple : non-versement des aides au logement en cas de logement non décent ). Délai de prescription d'une dette locative Le propriétaire peut réclamer pendant 3 ans tout impayé de charges ou de loyers qui lui est dû. Ce délai s'applique aussi au locataire qui a payé trop de charges et souhaite se faire rembourser le trop versé. Par exemple, une dette de loyer (ou de charges) datant de juillet 2021 peut être réclamée jusqu'en juillet 2024. À savoir si le propriétaire n'a pas révisé le loyer à la date prévue dans le bail, il peut le faire dans l'année qui suit uniquement . Cas n°2 : Logement social : Montant du loyer Le montant du loyer d'un logement social est fixé selon une règle de calcul qui s'impose au bailleur. Ce montant est ensuite révisé chaque année : En 2023, le loyer est augmenté de 3,60 % Mais, pour 2024, l'augmentation du loyer sera plafonnée ( 3,5 % en métropole, de 2 % à 3,5 % en Corse, 2,5 % en Guadeloupe, Guyane, Martinique, La Réunion et Mayotte) Le locataire peut obtenir chaque mois une réduction du montant de son loyer. Il s'agit de la réduction du loyer de solidarité (RLS) . Un supplément de loyer de solidarité (SLS) dit surloyer peut être réclamé au locataire lorsque ces revenus dépassent un montant maximum . Si les revenus du locataire sont encore plus élevés , le locataire peut perdre le droit de rester dans le logement social. Obligation de paiement Le loyer et les charges sont à payer pendant toute la durée du bail. En conséquence : Le versement d'un dépôt de garantie ne sert pas à payer le dernier mois de loyer . Si vous payez le loyer et les charges en retard, partiellement ou ne les payez pas, le bailleur est en droit de résilier le bail . Date de paiement Vous devez régler votre loyer et les charges à la date prévue sur votre bail. En général, le loyer est payable au mois, soit en début, soit en fin de mois. Si le loyer est payable selon une autre périodicité (trimestrielle par exemple), le locataire peut toujours exiger un paiement mensuel. Moyen de paiement Vous pouvez payer votre loyer par tout moyen (chèque, virement ou espèces jusqu'à un montant maximum ). 

référence 1 : Jusqu'au 31 décembre 2022, si vous mettez en location un logement conventionné avec l' Anah (dispositif aussi appelé Louer mieux ), vous pouvez obtenir une prime de 1 000 € . Pour cela, vous devez avoir recours à l'intermédiation locative sociale.Qu'est-ce que l'intermédiation locative sociale ? Si vous êtes propriétaire d'un logement en location, plusieurs modes de gestion des relations avec le locataire sont possibles : Soit vous assumez vous-même (en direct) la gestion locative (rédaction des quittances de loyer, perception des loyers...) Soit vous déléguez la gestion locative à une agence immobilière Soit vous optez pour l'intermédiation locative sociale, c'est -à-dire que vous faites appel à un intermédiaire social (association agréée de type Solibail , ou agence immobilière à vocation sociale) Il existe 2 types d'intermédiation locative sociale : Par une association agréée qui sous-loue le logement Vous prenez pour locataire une association agréée ( Emmaüs , Habitat et Humanisme ), qui sous-loue le logement à une personne en précarité. L'association, en tant que locataire, assure le paiement des loyers et des charges, l'entretien courant et les petites réparations du logement (hors vétusté normale). L'association choisit la personne qui va effectivement habiter le logement. Cette personne bénéficie d'un accompagnement social. En cas de dégradation dont est responsable la personne habitant le logement, la remise en état du logement est prise en charge par l'association. En tant que propriétaire du logement, le paiement du loyer et des charges vous est garanti, même pendant le délai entre le départ du précédent locataire et l'entrée dans les lieux du nouveau. Par une agence immobilière sociale avec mandat de gestion social Vous faites appel à une agence immobilière sociale (AIVS). L'agence a plusieurs missions : Elle vous met en relation avec le futur locataire Elle rédige le bail, que vous et le locataire signez Elle réalise l'état des lieux d'entrée et de sortie Elle se charge de percevoir les loyers et le paiement des charges, pour votre compte Elle peut proposer une garantie de loyers et un accompagnement social du locataire (selon les besoins du locataire). À savoir si vous décidez de recourir à l'intermédiation locative sociale, l'Anah peut vous mettre en relation avec les organismes concernés lors de votre demande de convention. Comment demander la prime d'intermédiation ? Jusqu'au 31 décembre 2022, vous pouvez recevoir de l'Anah la prime d'intermédiation de 1 000 € , si vous répondez aux 2 conditions suivantes : Vous signez avec l'Anah une convention (avec ou sans travaux) à loyer social ou à loyer très social Vous avez recours à l'intermédiation locative sociale durant au moins 3 ans Pour obtenir cette prime, vous devez fournir le formulaire d'engagement spécifique : Anah : engagement spécifique pour la prime d'intermédiation locative Agence nationale de l'habitat (Anah) Ce formulaire doit être transmis à l'Anah lors de votre demande de convention . 

référence 2 : À l'échéance du bail et pour 1 des motifs autorisés (reprise pour habiter, reprise pour vendre, ou motif légitime et sérieux). Congé à donner avec un délai de préavis d'au moins 3 mois. À l'échéance du bail. Pas de congé à donner ni de délai de préavis à respecter À savoir Le loyer d'un logement loué meublé est supérieur au loyer du même logement loué vide. Quelles sont les règles de location communes ? De nombreuses règles sont identiques au logement vide et au logement meublé. Ces règles concernent notamment : Documents quele propriétaire peut réclamer au futur locataire Règles du cautionnement Frais d'agence immobilière Contenu de l'annonce immobilière (créée par une agence immobilière ou le propriétaire ) Discrimination au logement Critères de décence Loyer ( fixation du loyer , paiement du loyer , conséquences d'un impayé , révision du loyer en cours de bail et sa réévaluation en fin de bail) Liste des charges locatives Assurance habitation Utilisation du logement par le locataire Travaux et réparations locatives Sous-location Quels sont les autres modes de location d'un logement vide ou meublé ? Un propriétaire peut opter pour d'autres types de location. Il existe notamment : Le logement meublé mis en location en tant que meublé de tourisme . Dans ce cas, le logement est destiné à un locataire qui utilise le logement pour un bref séjour, et sans en faire son domicile. Le logement vide mis en location avec le conventionnement de l'Anah . Dans ce cas, le logement est destiné à devenir le domicile d'un locataire aux revenus modestes. À savoir Certains logements sont soumis à la loi de 48 . Dans ce cas, le logement obéit à des règles particulières au moment de la fin du bail ( sortie du régime de 48 , préavis du propriétaire , préavis du locataire ). 

>>INSTRUCTION<<
Tu es un agent de l'état français. Tu es chargé d'informer ton interlocuteur sur sa question et lui proposer des démarches à suivre. Aide-toi des informations des références, mais réponds comme s'il n'y avait pas de références. Si les références ne permettent pas répondre, réponds: 'Désolé, je ne peux pas répondre à la question'.Parle à la 3ème personne du singulier sans mentionner que tu es un agent de l'état.Tu dois répondre à la question suivante :

>>QUESTION<<
Quelles sont les conditions requises pour bénéficier du supplément de loyer de solidarité en tant que locataire dans un logement social en Île-de-France ?";"403";"2894";"13.99";"https://www.service-public.fr/particuliers/vosdroits/F1214
https://www.service-public.fr/particuliers/vosdroits/F34825
https://www.service-public.fr/particuliers/vosdroits/F1165";"65.44
63.40
61.69";"6860
3844
7721"
"Comment est calculé le surloyer pour les locataires résidant dans les quartiers prioritaires de la politique de la ville ?";"Le surloyer pour les locataires résidant dans les quartiers prioritaires de la politique de la ville est calculé en fonction de certains critères. Cependant, sans références, il n'est pas possible de fournir une réponse précise à cette question. Nous vous recommandons de contacter votre bailleur social ou l'organisme en charge de la gestion de votre logement pour obtenir les informations spécifiques concernant le calcul du surloyer dans votre situation.";"Voici plusieurs références sur un même thème :

>>REFERENCES<<
référence 0 : Le dispositif d'emploi franc permet à un employeur de bénéficier d'une aide lorsqu'il embauche un habitant résidant dans un quartier prioritaire de la politique de la ville (QPV) . Le dispositif est prolongé pour tous les contrats signés entre le 1 er janvier 2020 et le 31 décembre 2023 . Les conditions d'accès et le montant de l'aide restent les mêmes . L'expérimentation spécifique propre à la Réunion a pris fin en 2022 .Qui peut en bénéficier ? L'employeur doit être à jour de ses obligations fiscales Le contrat doit être un CDI ou un CDD d'au moins 6 mois L'employeur ne doit pas avoir effectué de licenciement économique sur le futur poste Emploi franc dans les 6 mois précédant l'embauche L'employeur ne doit pas avoir déjà bénéficier d'une aide de l'État à l'insertion pour le salarié recruté L'employeur ne peut pas bénéficier de cette aide pour un contrat d'apprentissage Le salarié recruté en emploi franc ne doit pas avoir appartenu à l'effectif de l'entreprise au cours des 6 derniers mois. Le salarié recruté doit appartenir à l'une des catégories suivantes : Demandeur d'emploi inscrit à pôle emploi Adhérent à un contrat de sécurisation professionnelle Jeune suivi par une mission locale et qui n'est pas inscrit en tant que demandeur d'emploi Le salarié embauché doit résider dans un quartier prioritaire de la politique de la ville (QPV) À savoir une société d'économie mixte ou un particulier employeur ne peuvent pas bénéficier de ce dispositif. Montant de la prime Le montant de l'aide financière accordée pour un emploi franc à temps plein est de : 5 000 € par an, pendant 3 ans maximum pour un CDI , 2 500 € par an, pendant 2 ans maximum, pour un recrutement en CDD d'au moins 6 mois. Dans le cas où le contrat de travail est interrompu dans les 6 premiers mois, quelle qu'en soit la cause, l'aide n'est pas versée. Si le contrat est interrompu après les 6 premiers mois et avant son terme, l'aide est calculée proportionnellement à la durée réellement travaillée. Si le salarié travaille à temps partiel , le montant de l'aide sera calculé en fonction du temps de travail hebdomadaire. Peut-on cumuler avec d'autres aides à l'embauche ? L'entreprise peut cumuler la prime Emploi franc avec toutes les aides à l'embauche en contrat de professionnalisation. Par contre, cette prime n'est pas cumulable avec les autres aides de l’État à l'insertion, à l'accès ou au retour à l'emploi. Comment demander la prime ? L'employeur doit demander l'aide financière auprès de Pôle emploi dans les 3 mois suivants la date de signature du contrat de travail. Emplois francs - Demande d'aide Pôle emploi La prime est ensuite versée chaque semestre, après transmission d'une attestation de l'employeur à Pôle emploi. L'absence de transmission d'attestation de présence dans les 2 mois suivant l'échéance d'un semestre peut entraîner la perte définitive du droit à l'aide pour cette période. L'absence de transmission d'attestation de présence dans les 4 mois suivant l'échéance de chaque semestre d'exécution du contrat entraîne la perte définitive du droit au versement de l'aide. 

référence 1 : Les très petites entreprises (TPE) et les petites entreprises implantées dans les quartiers prioritaires de la ville (QPV) peuvent bénéficier d'exonérations de cotisation foncière des entreprises (CFE) et de taxe foncière sur les propriétés bâties (TFPB).Quelles sont les entreprises concernées ? TPE Il s'agit des entreprises créées entre le 1 er janvier 2015 et le 31 décembre 2023 (ou déjà installées au 1 er janvier 2015 ) dans un quartier prioritaire de la politique de la ville (QPV) , et répondant aux 3 conditions suivantes : Activité commerciale (inscrite au RCS et au RNE ) Moins de 11 salariés Chiffre d'affaires annuel ou bilan inférieur à 2 millions € Le capital et les droits de vote ne sont pas détenus à 25  % par plusieurs entreprises répondant à toutes les conditions suivantes : Effectif de 250 salarié et plus Chiffre d'affaires annuel HT supérieur à 50 millions € ou bilan annuel supérieur à 43 millions € À savoir l'établissement qui a été créé à partir de janvier 2016 ne peut bénéficier d'une exonération de la cotisation foncière des entreprises (CFE) et de la taxe foncière sur les propriétés bâties (TFPB) que s'il existe un contrat de ville au 1 er janvier de l'année d'implantation. Petite entreprise Il s'agit des entreprises créées entre le 1 er janvier 2017 et le 31 décembre 2023 (ou déjà installées au 1 er janvier 2017 ) dans un quartier prioritaire de la politique de la ville (QPV) , et répondant aux 3 conditions suivantes : Activité commerciale (inscrite au RCS et au RNE ) Moins de 50 salariés Chiffre d'affaires annuel ou bilan annuel inférieur à 10 millions € Le capital et les droits de vote ne sont pas détenus à 25  % par plusieurs entreprises répondant à toutes les conditions suivantes : Effectif de 250 salarié et plus Chiffre d'affaires annuel HT supérieur à 50 millions € ou bilan annuel supérieur à 43 millions € L'établissement qui a été créé à partir de janvier 2016 ne pourra bénéficier d'une exonération de la CFE et de la TFPB que s'il existe un contrat de ville au 1 er janvier de l'année d'implantation. Attention Le droit à l'exonération est définitivement perdu si aucune demande n'a été formulée avant le 31 décembre 2017. Établissement commercial implanté de l'autre côté de la voie délimitant un QPV Les établissements commerciaux implantés de l'autre côté de la voie délimitant un quartier prioritaire de la politique de la ville (QPV) peuvent également bénéficier des exonérations fiscales. L'adresse postale constitue le critère d'éligibilité. Quelle exonération de cotisation foncière des entreprises (CFE) ? Période d'exonération de la CFE L'exonération de CFE est totale pendant 5 ans. Ensuite, la base d'imposition bénéfice d'un abattement qui diminue progressivement : 60 % la 6 e année 40 % la 7 e année 20 % la 8 e année L'entreprise qui bénéficie d'une exonération de CFE peut aussi demander à bénéficier d'une exonération de la cotisation sur la valeur ajoutée des entreprises (CVAE) . 

référence 2 : Vous vous demandez à quoi sert le contrat adultes-relais et qui peut en bénéficier  ? Ce contrat vise, notamment, à améliorer les relations entre les habitants de certains quartiers et les services publics. Le salarié doit être sans emploi ou bénéficier d'un contrat d'accompagnement dans l'emploi. Il doit remplir des conditions liées à l'âge et au lieu de résidence. L'employeur exerce dans le secteur non lucratif.À quoi sert le contrat adultes-relais ? Ce contrat permet à des employeurs du secteur non lucratif d'embaucher des personnes d'au moins 26 ans sans emploi . Ces personnes assurent des missions de médiation sociale pour améliorer : Les relations entre les habitants des quartiers prioritaires et les services publics Les rapports sociaux dans les espaces publics ou collectifs. À savoir L'Etat verse par an une aide de 21 246,52 € à l'entreprise. Qui est concerné par le contrat adultes-relais ? Employeur Les contrats adultes-relais peuvent être proposés par les employeurs suivants : Associations Entreprises privées chargées de la gestion d'un service public. Collectivités territoriales (commune, regroupement de communes, département, région) et leurs établissements publics Établissements scolaires publics (maternelle, école primaire, collège, lycée) Hôpitaux Offices publics et organismes HLM L'employeur exerce donc dans le secteur non lucratif. Salarié Pour être en contrat adulte-relais, vous devez remplir les 3 conditions suivantes : Avoir 26 ans ou plus Être sans emploi ou bénéficier d'un CUI-CAE . Si vous êtes en CUI-CAE, vous devez le rompre pour signer un contrat adultes-relais Résider dans un quartier prioritaire de la politique de la ville ou dans un autre territoire prioritaire des contrats de ville. Vous pouvez savoir si vous êtes dans un quartier prioritaire de la politique de la ville en consultant ce site du ministère chargé de la ville. Quelles sont les missions liées au contrat adultes-relais ? Activités concernées Ces missions de médiation sociale et culturelle consistent notamment à : Accueillir, écouter, exercer toute activité qui concourt au lien social Informer et accompagner les habitants dans leurs démarches Faciliter le dialogue entre services publics et usagers (notamment entre parents et services accueillant leurs enfants) Améliorer et préserver le cadre de vie, faciliter le dialogue entre les générations, renforcer la fonction parentale Aider à la résolution des petits conflits de la vie quotidienne par la médiation et le dialogue Faciliter le dialogue inter-générationnel, accompagner et renforcer la fonction parentale en soutenant les initiatives prises par les parents ou en leur faveur Renforcer la vie associative, développer la capacité d'initiative et de projet dans le quartier et la ville. Activités interdites Les adultes-relais ne peuvent accomplir aucune fonction : Relevant du maintien de l'ordre public Dont le seul objet est d'assurer les services aux domiciles des personnes (garde d'enfant, aide aux devoirs, assistance à domicile d'une personne âgée...). Attention Les employeurs chargés d'un service public ne peuvent pas embaucher d'adultes-relais pour des missions relevant de leurs activités normales (gardiennage, entretien technique, assistance sociale...). Quelle est la durée du contrat adultes-relais ? 

>>INSTRUCTION<<
Tu es un agent de l'état français. Tu es chargé d'informer ton interlocuteur sur sa question et lui proposer des démarches à suivre. Aide-toi des informations des références, mais réponds comme s'il n'y avait pas de références. Si les références ne permettent pas répondre, réponds: 'Désolé, je ne peux pas répondre à la question'.Parle à la 3ème personne du singulier sans mentionner que tu es un agent de l'état.Tu dois répondre à la question suivante :

>>QUESTION<<
Comment est calculé le surloyer pour les locataires résidant dans les quartiers prioritaires de la politique de la ville ?";"133";"3394";"5.86";"https://www.service-public.fr/particuliers/vosdroits/F1019
https://www.service-public.fr/professionnels-entreprises/vosdroits/F34020
https://www.service-public.fr/professionnels-entreprises/vosdroits/F34547";"68.72
64.41
64.04";"5694
12599
7729"
"Quels sont les critères de revenus maximums pour être éligible au prêt locatif intermédiaire à Paris ou dans une commune limitrophe ?";"Selon les critères de revenus maximums pour être éligible au prêt locatif intermédiaire à Paris ou dans une commune limitrophe, voici les montants à ne pas dépasser :

- Pour une personne seule : le total des revenus annuels de 2021 ne doit pas dépasser 16 614 €.
- Pour un couple : le montant total maximum des revenus annuels pour 2021 est de 27 080 €.
- Pour un jeune couple : le montant total maximum des revenus annuels pour 2021 est de 25 298 €.
- Pour une personne seule avec une personne à charge : le montant total maximum des revenus annuels pour 2021 est de 25 298 €.
- Pour une personne seule avec deux personnes à charge : le montant total maximum des revenus annuels pour 2021 est de 38 856 €.
- Pour une personne seule avec trois personnes à charge : le montant total maximum des revenus annuels pour 2021 est de 46 221 €.
- Pour une personne seule avec quatre personnes à charge : le montant total maximum des revenus annuels pour 2021 est de 52 016 €.

Ces montants sont donnés à titre indicatif et peuvent être sujets à des modifications.";"Voici plusieurs références sur un même thème :

>>REFERENCES<<
référence 0 : Pour obtenir un logement social (ou logement HLM ), il faut en faire la demande et ne pas dépasser un revenu maximum. Ce montant maximum dépend notamment du nombre de personnes à loger et de la localisation du logement.Liste des situations :  Cas n°1 : Pour habiter en Île-de-France : Quels sont les revenus à ne pas dépasser pour obtenir un logement social ? Un simulateur est disponible : Savoir si vous êtes éligible à un logement social Ministère chargé du logement Montant maximum Pour obtenir un logement, le total des revenus annuels des personnes à loger ne doit pas dépasser un montant maximum. Le revenu annuel est le revenu fiscal de référence de l'année n-2, qui est inscrit sur l'avis d'imposition de l'année n-1. Pour une demande de logement faite en 2023, il s'agit des revenus fiscaux de référence pour 2021, inscrits sur l'avis d'imposition de 2022. Les personnes à loger sont les personnes suivantes : Vous-même ( demandeur ) Votre codemandeur : époux ou partenaire de Pacs ou concubin, ou un membre de votre famille qui n'est pas à votre charge (uniquement parmi ceux-ci : grand-père, grand-mère, mère, père, fils, fille, petite-fille, petit-fils, frère, sœur) Personnes et enfants figurant sur votre avis d'imposition ou celui de votre codemandeur Il s'agit des enfants handicapés quel que soit leur âge, des enfants de moins de 21 ans (y compris en garde alternée si déclarés au domicile de chacun des parents), les étudiants de moins de 25 ans et les personnes ayant une carte mobilité inclusion invalidité (ou carte d'invalidité). Enfants en droit de visite et d'hébergement À savoir le colocataire ne doit pas être compté dans les personnes à loger . Le montant maximum dépend de la commune où se situe le logement social demandé : Paris et communes limitrophes Les communes limitrophes de Paris sont Aubervilliers, Bagnolet, Boulogne-Billancourt, Charenton-le-Pont, Clichy, Fontenay-Sous-Bois, Gentilly, Issy-les-Moulineaux, Ivry-sur-Seine, Joinville-le-Pont, Le Kremlin-Bicêtre, Les Lilas, Le Pré-Saint-Gervais, Levallois-Perret, Malakoff, Montreuil, Montrouge, Neuilly-sur-Seine, Nogent-sur-Marne, Pantin, Puteaux, Saint-Cloud, Saint-Denis, Saint-Mandé, Saint-Maurice, Saint-Ouen, Suresnes, Vanves, Vincennes. Cas général 1 personne à loger Le total des revenus 2021 ne doit pas dépasser 32 715 € À savoir si vos revenus dépassent ces montants, un autre logement social peut vous être proposé, appelé logement PLI . 2 personnes à loger Revenus maximum pour obtenir un logement social à Paris ou dans une commune limitrophe Types de personne Montant total maximum des revenus annuels de 2021 2 personnes 48 894 € Jeune couple 64 094 € 1 personne seule avec 1 personne à charge 64 094 € À savoir si vos revenus dépassent ces montants, un autre logement social peut vous être proposé, appelé logement PLI . 3 personnes à loger Revenus maximum pour obtenir un logement social à Paris ou dans une commune limitrophe Types de personne Montant total maximum des revenus annuels de 2021 3 personnes 64 094 € 1 personne seule avec 2 personnes à charge 76 525 € À savoir si vos revenus dépassent ces montants, un autre logement social peut vous être proposé, appelé logement PLI . 

référence 1 : Pour obtenir un logement social (ou logement HLM ), vous devez faire votre demande entièrement en ligne ou avec un formulaire à déposer sur place (au guichet). Si votre dossier est accepté, le temps d'attente pour obtenir un logement dépend notamment du lieu où vous voulez habiter. Nous vous guidons dans votre démarche.Liste des situations :  Cas n°1 : Pour habiter en Île-de-France : Quels sont les revenus à ne pas dépasser pour obtenir un logement social ? Un simulateur est disponible : Savoir si vous êtes éligible à un logement social Ministère chargé du logement Montant maximum Pour obtenir un logement, le total des revenus annuels des personnes à loger ne doit pas dépasser un montant maximum. Le revenu annuel est le revenu fiscal de référence de l'année n-2, qui est inscrit sur l'avis d'imposition de l'année n-1. Pour une demande de logement faite en 2023, il s'agit des revenus fiscaux de référence pour 2021, inscrits sur l'avis d'imposition de 2022. Les personnes à loger sont les personnes suivantes : Vous-même ( demandeur ) Votre codemandeur : époux ou partenaire de Pacs ou concubin, ou un membre de votre famille qui n'est pas à votre charge (uniquement parmi ceux-ci : grand-père, grand-mère, mère, père, fils, fille, petite-fille, petit-fils, frère, sœur) Personnes et enfants figurant sur votre avis d'imposition ou celui de votre codemandeur Il s'agit des enfants handicapés quel que soit leur âge, des enfants de moins de 21 ans (y compris en garde alternée si déclarés au domicile de chacun des parents), les étudiants de moins de 25 ans et les personnes ayant une carte mobilité inclusion invalidité (ou carte d'invalidité). Enfants en droit de visite et d'hébergement À savoir le colocataire ne doit pas être compté dans les personnes à loger . Le montant maximum dépend de la commune où se situe le logement social demandé : Paris et communes limitrophes Les communes limitrophes de Paris sont Aubervilliers, Bagnolet, Boulogne-Billancourt, Charenton-le-Pont, Clichy, Fontenay-Sous-Bois, Gentilly, Issy-les-Moulineaux, Ivry-sur-Seine, Joinville-le-Pont, Le Kremlin-Bicêtre, Les Lilas, Le Pré-Saint-Gervais, Levallois-Perret, Malakoff, Montreuil, Montrouge, Neuilly-sur-Seine, Nogent-sur-Marne, Pantin, Puteaux, Saint-Cloud, Saint-Denis, Saint-Mandé, Saint-Maurice, Saint-Ouen, Suresnes, Vanves, Vincennes. Cas général 1 personne à loger Le total des revenus 2021 ne doit pas dépasser 32 715 € À savoir si vos revenus dépassent ces montants, un autre logement social peut vous être proposé, appelé logement PLI . 2 personnes à loger Revenus maximum pour obtenir un logement social à Paris ou dans une commune limitrophe Types de personne Montant total maximum des revenus annuels de 2021 2 personnes 48 894 € Jeune couple 64 094 € 1 personne seule avec 1 personne à charge 64 094 € À savoir si vos revenus dépassent ces montants, un autre logement social peut vous être proposé, appelé logement PLI . 

référence 2 : Un supplément de loyer de solidarité (SLS) appelé surloyer peut être réclamé au locataire lorsque ses revenus dépassent d'au moins 20% les revenus maximums à respecter pour l'attribution d'un logement social.Liste des situations :  Cas n°1 : Île-de-France : Qui doit payer un surloyer ? Vous êtes obligé de payer un surloyer si le total des revenus annuels des personnes habitant votre logement dépasse d'au moins 20% les revenus maximums pour l'attribution d'un logement social du même type que le vôtre (PLS, PLUS ou PLAI). À savoir Pour connaître le type de votre logement, renseignez-vous auprès de votre bailleur. Mais vous n'avez pas à payer de surloyer si votre logement rempli une des conditions suivantes : Il est situé en zone de revitalisation rurale (ZRR) ou dans une zone classée quartier prioritaire de la politique de la ville (QP) Votre logement est un logement de type PLI ( prêt locatif intermédiaire ) Paris ou commune limitrophe Les communes limitrophes de Paris sont Aubervilliers, Bagnolet, Boulogne-Billancourt, Charenton-le-Pont, Clichy, Fontenay-Sous-Bois, Gentilly, Issy-les-Moulineaux, Ivry-sur-Seine, Joinville-le-Pont, Le Kremlin-Bicêtre, Les Lilas, Le Pré-Saint-Gervais, Levallois-Perret, Malakoff, Montreuil, Montrouge, Neuilly-sur-Seine, Nogent-sur-Marne, Pantin, Puteaux, Saint-Cloud, Saint-Denis, Saint-Mandé, Saint-Maurice, Saint-Ouen, Suresnes, Vanves, Vincennes. Cas général Total des revenus annuels à partir duquel le SLS est dû (Paris et communes limitrophes) Personnes logées Montant des revenus annuels à partir duquel le surloyer est dû Logement PLAI Logement PLUS Logement PLS 1 1 personne seule 16 614 € 30 198 € 39 257 € 2 2 personnes 27 080 € 45 133 € 58 673 € Jeune couple 25 298 € 59 163 € 76 912 € 1 personne + 1 personne à charge 25 298 € 59 163 € 76 912 € 3 3 personnes 25 298 € 59 163 € 76 912 € 1 personne + 2 personnes à charge 38 856 € 70 638 € 91 829 € 4 4 personnes 38 856 € 70 638 € 91 829 € 1 personne + 3 personnes à charge 46 221 € 84 043 € 109 256 € 5 5 personnes 46 221 € 84 043 € 109 256 € 1 personne + 4 personnes à charge 52 016 € 94 570 € 122 942 € À savoir le colocataire ne doit pas être compté dans les personnes logées . Au moins 1 personne a la carte mobilité inclusion invalidité Total des revenus annuels à partir duquel le SLS est dû lorsqu'au moins une personne a la carte mobilité inclusion invalidité (Paris et communes limitrophes) Personnes logées Montant des revenus annuels à partir duquel le SLS est dû Logement PLAI Logement PLUS Logement PLS 1 personne 27 080 € 45 133 € 58 673 € 2 personnes 25 298 € 59 163 € 76 912 € 3 personnes 38 856 € 70 638 € 91 829 € 4 personnes 46 221 € 84 043 € 91 829 € 5 personnes 52 016 € 94 570 € 122 942 € À savoir le colocataire ne doit pas être compté dans les personnes logées . 

>>INSTRUCTION<<
Tu es un agent de l'état français. Tu es chargé d'informer ton interlocuteur sur sa question et lui proposer des démarches à suivre. Aide-toi des informations des références, mais réponds comme s'il n'y avait pas de références. Si les références ne permettent pas répondre, réponds: 'Désolé, je ne peux pas répondre à la question'.Parle à la 3ème personne du singulier sans mentionner que tu es un agent de l'état.Tu dois répondre à la question suivante :

>>QUESTION<<
Quels sont les critères de revenus maximums pour être éligible au prêt locatif intermédiaire à Paris ou dans une commune limitrophe ?";"316";"3284";"10.77";"https://www.service-public.fr/particuliers/vosdroits/F21051
https://www.service-public.fr/particuliers/vosdroits/F869
https://www.service-public.fr/particuliers/vosdroits/F10007";"72.03
66.38
63.23";"0
3053
3602"
